-- phpMyAdmin SQL Dump
-- version 5.2.1
-- https://www.phpmyadmin.net/
--
-- Anamakine: 127.0.0.1:3306
-- Üretim Zamanı: 10 Ağu 2025, 09:28:58
-- Sunucu sürümü: 9.1.0
-- PHP Sürümü: 8.3.14

SET SQL_MODE = "NO_AUTO_VALUE_ON_ZERO";
START TRANSACTION;
SET time_zone = "+00:00";


/*!40101 SET @OLD_CHARACTER_SET_CLIENT=@@CHARACTER_SET_CLIENT */;
/*!40101 SET @OLD_CHARACTER_SET_RESULTS=@@CHARACTER_SET_RESULTS */;
/*!40101 SET @OLD_COLLATION_CONNECTION=@@COLLATION_CONNECTION */;
/*!40101 SET NAMES utf8mb4 */;

--
-- Veritabanı: `cookie`
--

-- --------------------------------------------------------

--
-- Tablo için tablo yapısı `category`
--

DROP TABLE IF EXISTS `category`;
CREATE TABLE IF NOT EXISTS `category` (
  `cid` int NOT NULL AUTO_INCREMENT,
  `name` varchar(64) NOT NULL,
  PRIMARY KEY (`cid`)
) ENGINE=InnoDB AUTO_INCREMENT=10 DEFAULT CHARSET=utf8mb4 COLLATE=utf8mb4_0900_ai_ci;

--
-- Tablo döküm verisi `category`
--

INSERT INTO `category` (`cid`, `name`) VALUES
(1, 'appetizers'),
(2, 'main dishes'),
(3, 'desserts'),
(4, 'side dishes'),
(5, 'snacks'),
(6, 'soups'),
(7, 'salads'),
(8, 'breakfast'),
(9, 'dinner');

-- --------------------------------------------------------

--
-- Tablo için tablo yapısı `cookbook`
--

DROP TABLE IF EXISTS `cookbook`;
CREATE TABLE IF NOT EXISTS `cookbook` (
  `uid` int NOT NULL,
  `cid` int NOT NULL AUTO_INCREMENT,
  `title` varchar(64) CHARACTER SET utf8mb4 COLLATE utf8mb4_0900_ai_ci NOT NULL,
  `creation_date` date NOT NULL,
  `description` varchar(256) NOT NULL,
  PRIMARY KEY (`cid`) USING BTREE,
  KEY `fk_cookbook` (`uid`)
) ENGINE=InnoDB AUTO_INCREMENT=12 DEFAULT CHARSET=utf8mb4 COLLATE=utf8mb4_0900_ai_ci;

--
-- Tablo döküm verisi `cookbook`
--

INSERT INTO `cookbook` (`uid`, `cid`, `title`, `creation_date`, `description`) VALUES
(14, 9, 'desserts', '2025-08-04', 'a collection of quick dessert recipes'),
(12, 10, 'new cookbook', '2025-08-04', 'description'),
(12, 11, 'second new cookbook', '2025-08-04', 'and a second description');

-- --------------------------------------------------------

--
-- Tablo için tablo yapısı `cookbook_recipe`
--

DROP TABLE IF EXISTS `cookbook_recipe`;
CREATE TABLE IF NOT EXISTS `cookbook_recipe` (
  `rid` int NOT NULL,
  `cid` int NOT NULL,
  PRIMARY KEY (`rid`,`cid`) USING BTREE,
  KEY `fk_cr_cid` (`cid`)
) ENGINE=InnoDB DEFAULT CHARSET=utf8mb4 COLLATE=utf8mb4_0900_ai_ci;

--
-- Tablo döküm verisi `cookbook_recipe`
--

INSERT INTO `cookbook_recipe` (`rid`, `cid`) VALUES
(31, 9),
(32, 9),
(33, 9),
(33, 11),
(34, 11);

-- --------------------------------------------------------

--
-- Tablo için tablo yapısı `ingredient`
--

DROP TABLE IF EXISTS `ingredient`;
CREATE TABLE IF NOT EXISTS `ingredient` (
  `rid` int NOT NULL,
  `name` varchar(64) NOT NULL,
  `quantity` float NOT NULL,
  `unit` varchar(16) NOT NULL,
  PRIMARY KEY (`rid`,`name`) USING BTREE
) ENGINE=InnoDB DEFAULT CHARSET=utf8mb4 COLLATE=utf8mb4_0900_ai_ci;

--
-- Tablo döküm verisi `ingredient`
--

INSERT INTO `ingredient` (`rid`, `name`, `quantity`, `unit`) VALUES
(31, 'baking powder', 1, 'packet'),
(31, 'brown sugar', 100, 'grams'),
(31, 'butter', 115, 'grams'),
(31, 'cocoa powder', 60, 'grams'),
(31, 'dark chocolate', 100, 'grams'),
(31, 'egg', 1, '-'),
(31, 'flour', 220, 'grams'),
(31, 'salt', 1, 'pinch'),
(31, 'sugar', 90, 'grams'),
(31, 'vanilla powder', 1, 'packet'),
(31, 'white chocolate', 150, 'grams'),
(32, 'butter', 125, 'grams'),
(32, 'cocoa powder', 25, 'grams'),
(32, 'dark chocolate', 320, 'grams'),
(32, 'eggs', 3, '-'),
(32, 'flour', 93, 'grams'),
(32, 'salt', 1, 'pinch'),
(32, 'sugar', 240, 'grams'),
(32, 'vanilla powder', 1, 'packet'),
(33, 'brewed espresso', 1.5, 'cups'),
(33, 'eggs', 4, '-'),
(33, 'ladyfingers', 350, 'grams'),
(33, 'mascarpone cheese', 500, 'grams'),
(33, 'sugar', 1, 'cup'),
(33, 'unsweetened cocoa powder', 0, 'none'),
(34, 'feta cheese', 4, 'tablespoons'),
(34, 'fresh basil leaves', 1, 'handful'),
(34, 'garlic', 2, 'cloves'),
(34, 'pasta water', 2, 'ladles'),
(34, 'penne pasta', 1, 'packet'),
(34, 'roasted red pepper', 3, '-'),
(34, 'walnuts', 1, 'handful');

-- --------------------------------------------------------

--
-- Tablo için tablo yapısı `instruction`
--

DROP TABLE IF EXISTS `instruction`;
CREATE TABLE IF NOT EXISTS `instruction` (
  `rid` int NOT NULL,
  `step_num` int NOT NULL,
  `text` varchar(256) NOT NULL,
  PRIMARY KEY (`rid`,`step_num`)
) ENGINE=InnoDB DEFAULT CHARSET=utf8mb4 COLLATE=utf8mb4_0900_ai_ci;

--
-- Tablo döküm verisi `instruction`
--

INSERT INTO `instruction` (`rid`, `step_num`, `text`) VALUES
(31, 1, 'whisk brown sugar, sugar and butter together'),
(31, 2, 'add the egg and continue mixing'),
(31, 3, 'add the mixture of dry ingredients and mix'),
(31, 4, 'add diced white and dark chocolate and mix'),
(31, 5, 'shape the dough into cookies on a tray and let it chill in the fridge for 2 hours'),
(31, 6, 'bake for 12 minutes at 180C in the oven'),
(32, 1, 'mix eggs and sugar until sugar completely dissolves'),
(32, 2, 'melt the chocolate and add butter in it. mix until it gets cooler'),
(32, 3, 'add the chocolate mix into the egg mix and mix them together. then add dry ingredients as well and slowly mix with a spatula'),
(32, 4, 'put the mixture into a buttered baking pan. put it into a preheated 180C oven and bake it for 25 minutes'),
(32, 5, 'take it out of the oven and let it rest for two hours in room temperature'),
(33, 1, 'whisk eggs and sugar until its fluffy'),
(33, 2, 'add mascarpone cheese and mix well'),
(33, 3, 'put a layer of cream on the tray and put ladyfingers dipped in espresso on it. repeat until tray is full'),
(33, 4, 'finish it with a layer of cream at the top. sprinkle cocoa powder on top'),
(33, 5, 'let it chill in the fridge overnight'),
(34, 1, 'boil the pasta in plenty of salted water, then turn off the heat'),
(34, 2, 'blend all the sauce ingredients until it becomes smooth'),
(34, 3, 'drain the pasta, and while it\'s still pretty hot, pour the sauce over it and mix well'),
(34, 4, 'put the pasta into serving plates and put some olive oil and basil leaves on it');

-- --------------------------------------------------------

--
-- Tablo için tablo yapısı `recipe`
--

DROP TABLE IF EXISTS `recipe`;
CREATE TABLE IF NOT EXISTS `recipe` (
  `rid` int NOT NULL AUTO_INCREMENT,
  `uid` int NOT NULL,
  `cid` int DEFAULT NULL,
  `title` varchar(128) NOT NULL,
  `creation_date` date NOT NULL,
  `description` varchar(256) CHARACTER SET utf8mb4 COLLATE utf8mb4_0900_ai_ci DEFAULT NULL,
  PRIMARY KEY (`rid`),
  KEY `fk_recipe_uid` (`uid`),
  KEY `fk_recipe_cid` (`cid`)
) ENGINE=InnoDB AUTO_INCREMENT=35 DEFAULT CHARSET=utf8mb4 COLLATE=utf8mb4_0900_ai_ci;

--
-- Tablo döküm verisi `recipe`
--

INSERT INTO `recipe` (`rid`, `uid`, `cid`, `title`, `creation_date`, `description`) VALUES
(31, 12, NULL, 'triple chocolate chip cookies', '2025-08-04', '9 cookies per tray'),
(32, 12, NULL, 'brownies', '2025-08-04', '6 servings\nprep: 25 mins\nbaking: 25 mins'),
(33, 14, NULL, 'tiramisu', '2025-08-04', 'serve during special occasions or as a sweet treat'),
(34, 14, NULL, 'pepper pesto pasta', '2025-08-04', 'prep: 5mins\ncooking: 10mins');

-- --------------------------------------------------------

--
-- Tablo için tablo yapısı `spring_session`
--

DROP TABLE IF EXISTS `spring_session`;
CREATE TABLE IF NOT EXISTS `spring_session` (
  `PRIMARY_ID` char(36) NOT NULL,
  `SESSION_ID` char(36) NOT NULL,
  `CREATION_TIME` bigint NOT NULL,
  `LAST_ACCESS_TIME` bigint NOT NULL,
  `MAX_INACTIVE_INTERVAL` int NOT NULL,
  `EXPIRY_TIME` bigint NOT NULL,
  `PRINCIPAL_NAME` varchar(100) DEFAULT NULL,
  PRIMARY KEY (`PRIMARY_ID`),
  UNIQUE KEY `SPRING_SESSION_IX1` (`SESSION_ID`),
  KEY `SPRING_SESSION_IX2` (`EXPIRY_TIME`),
  KEY `SPRING_SESSION_IX3` (`PRINCIPAL_NAME`)
) ENGINE=InnoDB DEFAULT CHARSET=utf8mb4 COLLATE=utf8mb4_0900_ai_ci ROW_FORMAT=DYNAMIC;

--
-- Tablo döküm verisi `spring_session`
--

INSERT INTO `spring_session` (`PRIMARY_ID`, `SESSION_ID`, `CREATION_TIME`, `LAST_ACCESS_TIME`, `MAX_INACTIVE_INTERVAL`, `EXPIRY_TIME`, `PRINCIPAL_NAME`) VALUES
('03ddb0e6-3f61-41b3-b1cb-30852f98cb09', 'ea58f8a1-5f93-417e-afa4-c497b278c162', 1754274356439, 1754274356439, 1800, 1754276156439, NULL),
('0725820b-51ba-405b-a43a-f9332a890cb3', '090d1671-f42d-498a-881b-8a03e690e07f', 1754274868493, 1754274868493, 1800, 1754276668493, NULL),
('090cc9fb-430e-4b81-9bd8-09701064beee', 'c7389e1c-3fc0-41ee-8867-dadb82706160', 1754274884479, 1754274884479, 1800, 1754276684479, NULL),
('0fd1cdb3-6f01-44a2-9d4b-ca5ed9dbe642', '7aa17c74-23c9-4682-aa2e-c1bbea446c40', 1754274356356, 1754274356469, 1800, 1754276156469, NULL),
('1125be79-e1c9-465b-b791-c0d3821ba470', 'd1b79709-63ce-4ce8-b3ee-cd069ee29998', 1754274501253, 1754274501254, 1800, 1754276301254, NULL),
('182a9bc3-8593-4f4c-974f-60020ac098ed', 'e8499846-e112-47aa-a7f0-92bf9dcaefca', 1754274356412, 1754276013563, 1800, 1754277813563, 'zeynep'),
('301544ac-97c8-402f-a170-9a35c6d0c6d6', 'dddd07e0-622b-40c1-8fb7-898588baa2cf', 1754274866159, 1754274866159, 1800, 1754276666159, NULL),
('538ec665-30c1-4428-905f-91964164d8e2', '55b40d7b-1f3a-4c82-98d2-de32fd0d8972', 1754274866096, 1754274866096, 1800, 1754276666096, NULL),
('599f982e-35a0-431e-bece-7fa6e8c05133', '068d2e87-261e-4957-a0b6-5c2b906a0dc0', 1754274885156, 1754274885156, 1800, 1754276685156, NULL),
('715d26d4-01fa-4322-9863-eed8431b47a8', 'c70791cc-9b00-403e-9987-b95120e4829e', 1754274867461, 1754274867461, 1800, 1754276667461, NULL),
('7ea17111-0d35-4bde-b506-8e2e5533e46e', '69205221-881e-47f1-8a79-cecace0f3fe9', 1754274505372, 1754274505372, 1800, 1754276305372, NULL),
('a496a529-d087-4a9b-984d-ebd413e602b3', 'b3278d7f-35f4-4cb7-b136-743d0acdd0c4', 1754274867394, 1754274867394, 1800, 1754276667394, NULL),
('cb3b4e75-9231-428f-9875-6eedf10645d3', '39fe6284-35e9-4136-8e6b-97aad142a5e3', 1754274861681, 1754274861681, 1800, 1754276661681, NULL),
('d236291f-4d98-4bf6-a660-9fc9ed7df712', '11973436-5f24-401b-9afc-8659b457a73e', 1754274868557, 1754274868557, 1800, 1754276668557, NULL),
('d3b16c62-77f9-4331-8d6b-c5e517f5a646', 'd5fbb613-ba7e-421b-9554-6e96adfc0219', 1754274861742, 1754274861742, 1800, 1754276661742, NULL),
('da5c125e-709e-4316-8fb4-5cccc2a61cf4', '908b113a-a5dc-4ce3-86ed-41386368a553', 1754274501384, 1754274501384, 1800, 1754276301384, NULL),
('fed8d19f-0830-4305-b95a-f06560a0ab78', 'b82bd6f6-0ab4-4085-a0d4-38f3af8a5ec9', 1754274505609, 1754274505609, 1800, 1754276305609, NULL);

-- --------------------------------------------------------

--
-- Tablo için tablo yapısı `spring_session_attributes`
--

DROP TABLE IF EXISTS `spring_session_attributes`;
CREATE TABLE IF NOT EXISTS `spring_session_attributes` (
  `SESSION_PRIMARY_ID` char(36) NOT NULL,
  `ATTRIBUTE_NAME` varchar(200) NOT NULL,
  `ATTRIBUTE_BYTES` blob NOT NULL,
  PRIMARY KEY (`SESSION_PRIMARY_ID`,`ATTRIBUTE_NAME`)
) ENGINE=InnoDB DEFAULT CHARSET=utf8mb4 COLLATE=utf8mb4_0900_ai_ci ROW_FORMAT=DYNAMIC;

--
-- Tablo döküm verisi `spring_session_attributes`
--

INSERT INTO `spring_session_attributes` (`SESSION_PRIMARY_ID`, `ATTRIBUTE_NAME`, `ATTRIBUTE_BYTES`) VALUES
('0725820b-51ba-405b-a43a-f9332a890cb3', 'SPRING_SECURITY_SAVED_REQUEST', 0xaced0005737200416f72672e737072696e676672616d65776f726b2e73656375726974792e7765622e7361766564726571756573742e44656661756c74536176656452657175657374000000000000026c02000f49000a736572766572506f72744c000b636f6e74657874506174687400124c6a6176612f6c616e672f537472696e673b4c0007636f6f6b6965737400154c6a6176612f7574696c2f41727261794c6973743b4c00076865616465727374000f4c6a6176612f7574696c2f4d61703b4c00076c6f63616c657371007e00024c001c6d61746368696e6752657175657374506172616d657465724e616d6571007e00014c00066d6574686f6471007e00014c000a706172616d657465727371007e00034c000870617468496e666f71007e00014c000b7175657279537472696e6771007e00014c000a7265717565737455524971007e00014c000a7265717565737455524c71007e00014c0006736368656d6571007e00014c000a7365727665724e616d6571007e00014c000b736572766c65745061746871007e0001787000001f90740000737200136a6176612e7574696c2e41727261794c6973747881d21d99c7619d03000149000473697a6578700000000077040000000078737200116a6176612e7574696c2e547265654d61700cc1f63e2d256ae60300014c000a636f6d70617261746f727400164c6a6176612f7574696c2f436f6d70617261746f723b78707372002a6a6176612e6c616e672e537472696e672443617365496e73656e736974697665436f6d70617261746f7277035c7d5c50e5ce020000787077040000000e7400066163636570747371007e0006000000017704000000017400032a2f2a7874000f6163636570742d656e636f64696e677371007e000600000001770400000001740017677a69702c206465666c6174652c2062722c207a7374647874000f6163636570742d6c616e67756167657371007e00060000000177040000000174002374722d54522c74723b713d302e392c656e2d55533b713d302e382c656e3b713d302e377874000a636f6e6e656374696f6e7371007e00060000000177040000000174000a6b6565702d616c69766578740004686f73747371007e00060000000177040000000174000e6c6f63616c686f73743a38303830787400066f726967696e7371007e000600000001770400000001740015687474703a2f2f6c6f63616c686f73743a3330303078740007726566657265727371007e000600000001770400000001740016687474703a2f2f6c6f63616c686f73743a333030302f787400097365632d63682d75617371007e000600000001770400000001740040224e6f7429413b4272616e64223b763d2238222c20224368726f6d69756d223b763d22313338222c2022476f6f676c65204368726f6d65223b763d2231333822787400107365632d63682d75612d6d6f62696c657371007e0006000000017704000000017400023f30787400127365632d63682d75612d706c6174666f726d7371007e0006000000017704000000017400092257696e646f7773227874000e7365632d66657463682d646573747371007e000600000001770400000001740005656d7074797874000e7365632d66657463682d6d6f64657371007e000600000001770400000001740004636f72737874000e7365632d66657463682d736974657371007e00060000000177040000000174000973616d652d736974657874000a757365722d6167656e747371007e00060000000177040000000174006f4d6f7a696c6c612f352e30202857696e646f7773204e542031302e303b2057696e36343b2078363429204170706c655765624b69742f3533372e333620284b48544d4c2c206c696b65204765636b6f29204368726f6d652f3133382e302e302e30205361666172692f3533372e333678787371007e000600000004770400000004737200106a6176612e7574696c2e4c6f63616c657ef811609c30f9ec03000649000868617368636f64654c0007636f756e74727971007e00014c000a657874656e73696f6e7371007e00014c00086c616e677561676571007e00014c000673637269707471007e00014c000776617269616e7471007e00017870ffffffff740002545271007e0005740002747271007e000571007e0005787371007e0038ffffffff71007e000571007e000571007e003b71007e000571007e0005787371007e0038ffffffff740002555371007e0005740002656e71007e000571007e0005787371007e0038ffffffff71007e000571007e000571007e003f71007e000571007e00057878740008636f6e74696e75657400034745547371007e0008707704000000007870707400062f6572726f7274001b687474703a2f2f6c6f63616c686f73743a383038302f6572726f72740004687474707400096c6f63616c686f73747400062f6572726f72),
('090cc9fb-430e-4b81-9bd8-09701064beee', 'SPRING_SECURITY_SAVED_REQUEST', 0xaced0005737200416f72672e737072696e676672616d65776f726b2e73656375726974792e7765622e7361766564726571756573742e44656661756c74536176656452657175657374000000000000026c02000f49000a736572766572506f72744c000b636f6e74657874506174687400124c6a6176612f6c616e672f537472696e673b4c0007636f6f6b6965737400154c6a6176612f7574696c2f41727261794c6973743b4c00076865616465727374000f4c6a6176612f7574696c2f4d61703b4c00076c6f63616c657371007e00024c001c6d61746368696e6752657175657374506172616d657465724e616d6571007e00014c00066d6574686f6471007e00014c000a706172616d657465727371007e00034c000870617468496e666f71007e00014c000b7175657279537472696e6771007e00014c000a7265717565737455524971007e00014c000a7265717565737455524c71007e00014c0006736368656d6571007e00014c000a7365727665724e616d6571007e00014c000b736572766c65745061746871007e0001787000001f90740000737200136a6176612e7574696c2e41727261794c6973747881d21d99c7619d03000149000473697a6578700000000077040000000078737200116a6176612e7574696c2e547265654d61700cc1f63e2d256ae60300014c000a636f6d70617261746f727400164c6a6176612f7574696c2f436f6d70617261746f723b78707372002a6a6176612e6c616e672e537472696e672443617365496e73656e736974697665436f6d70617261746f7277035c7d5c50e5ce020000787077040000000e7400066163636570747371007e0006000000017704000000017400032a2f2a7874000f6163636570742d656e636f64696e677371007e000600000001770400000001740017677a69702c206465666c6174652c2062722c207a7374647874000f6163636570742d6c616e67756167657371007e00060000000177040000000174002374722d54522c74723b713d302e392c656e2d55533b713d302e382c656e3b713d302e377874000a636f6e6e656374696f6e7371007e00060000000177040000000174000a6b6565702d616c69766578740004686f73747371007e00060000000177040000000174000e6c6f63616c686f73743a38303830787400066f726967696e7371007e000600000001770400000001740015687474703a2f2f6c6f63616c686f73743a3330303078740007726566657265727371007e000600000001770400000001740016687474703a2f2f6c6f63616c686f73743a333030302f787400097365632d63682d75617371007e000600000001770400000001740040224e6f7429413b4272616e64223b763d2238222c20224368726f6d69756d223b763d22313338222c2022476f6f676c65204368726f6d65223b763d2231333822787400107365632d63682d75612d6d6f62696c657371007e0006000000017704000000017400023f30787400127365632d63682d75612d706c6174666f726d7371007e0006000000017704000000017400092257696e646f7773227874000e7365632d66657463682d646573747371007e000600000001770400000001740005656d7074797874000e7365632d66657463682d6d6f64657371007e000600000001770400000001740004636f72737874000e7365632d66657463682d736974657371007e00060000000177040000000174000973616d652d736974657874000a757365722d6167656e747371007e00060000000177040000000174006f4d6f7a696c6c612f352e30202857696e646f7773204e542031302e303b2057696e36343b2078363429204170706c655765624b69742f3533372e333620284b48544d4c2c206c696b65204765636b6f29204368726f6d652f3133382e302e302e30205361666172692f3533372e333678787371007e000600000004770400000004737200106a6176612e7574696c2e4c6f63616c657ef811609c30f9ec03000649000868617368636f64654c0007636f756e74727971007e00014c000a657874656e73696f6e7371007e00014c00086c616e677561676571007e00014c000673637269707471007e00014c000776617269616e7471007e00017870ffffffff740002545271007e0005740002747271007e000571007e0005787371007e0038ffffffff71007e000571007e000571007e003b71007e000571007e0005787371007e0038ffffffff740002555371007e0005740002656e71007e000571007e0005787371007e0038ffffffff71007e000571007e000571007e003f71007e000571007e00057878740008636f6e74696e75657400034745547371007e0008707704000000007870707400062f6572726f7274001b687474703a2f2f6c6f63616c686f73743a383038302f6572726f72740004687474707400096c6f63616c686f73747400062f6572726f72),
('0fd1cdb3-6f01-44a2-9d4b-ca5ed9dbe642', 'SPRING_SECURITY_SAVED_REQUEST', 0xaced0005737200416f72672e737072696e676672616d65776f726b2e73656375726974792e7765622e7361766564726571756573742e44656661756c74536176656452657175657374000000000000026c02000f49000a736572766572506f72744c000b636f6e74657874506174687400124c6a6176612f6c616e672f537472696e673b4c0007636f6f6b6965737400154c6a6176612f7574696c2f41727261794c6973743b4c00076865616465727374000f4c6a6176612f7574696c2f4d61703b4c00076c6f63616c657371007e00024c001c6d61746368696e6752657175657374506172616d657465724e616d6571007e00014c00066d6574686f6471007e00014c000a706172616d657465727371007e00034c000870617468496e666f71007e00014c000b7175657279537472696e6771007e00014c000a7265717565737455524971007e00014c000a7265717565737455524c71007e00014c0006736368656d6571007e00014c000a7365727665724e616d6571007e00014c000b736572766c65745061746871007e0001787000001f90740000737200136a6176612e7574696c2e41727261794c6973747881d21d99c7619d03000149000473697a65787000000001770400000001737200396f72672e737072696e676672616d65776f726b2e73656375726974792e7765622e7361766564726571756573742e5361766564436f6f6b6965000000000000026c0200084900066d61784167655a000673656375726549000776657273696f6e4c0007636f6d6d656e7471007e00014c0006646f6d61696e71007e00014c00046e616d6571007e00014c00047061746871007e00014c000576616c756571007e00017870ffffffff0000000000707074000a4a53455353494f4e4944707400304e3246684d54646a4e7a51744d6a4e6a4f5330304e6a67794c5746684d6d5574597a4669596d56684e445132597a517778737200116a6176612e7574696c2e547265654d61700cc1f63e2d256ae60300014c000a636f6d70617261746f727400164c6a6176612f7574696c2f436f6d70617261746f723b78707372002a6a6176612e6c616e672e537472696e672443617365496e73656e736974697665436f6d70617261746f7277035c7d5c50e5ce020000787077040000000f7400066163636570747371007e0006000000017704000000017400032a2f2a7874000f6163636570742d656e636f64696e677371007e000600000001770400000001740017677a69702c206465666c6174652c2062722c207a7374647874000f6163636570742d6c616e67756167657371007e00060000000177040000000174002374722d54522c74723b713d302e392c656e2d55533b713d302e382c656e3b713d302e377874000a636f6e6e656374696f6e7371007e00060000000177040000000174000a6b6565702d616c69766578740006636f6f6b69657371007e00060000000177040000000174003b4a53455353494f4e49443d4e3246684d54646a4e7a51744d6a4e6a4f5330304e6a67794c5746684d6d5574597a4669596d56684e445132597a517778740004686f73747371007e00060000000177040000000174000e6c6f63616c686f73743a38303830787400066f726967696e7371007e000600000001770400000001740015687474703a2f2f6c6f63616c686f73743a3330303078740007726566657265727371007e000600000001770400000001740016687474703a2f2f6c6f63616c686f73743a333030302f787400097365632d63682d75617371007e000600000001770400000001740040224e6f7429413b4272616e64223b763d2238222c20224368726f6d69756d223b763d22313338222c2022476f6f676c65204368726f6d65223b763d2231333822787400107365632d63682d75612d6d6f62696c657371007e0006000000017704000000017400023f30787400127365632d63682d75612d706c6174666f726d7371007e0006000000017704000000017400092257696e646f7773227874000e7365632d66657463682d646573747371007e000600000001770400000001740005656d7074797874000e7365632d66657463682d6d6f64657371007e000600000001770400000001740004636f72737874000e7365632d66657463682d736974657371007e00060000000177040000000174000973616d652d736974657874000a757365722d6167656e747371007e00060000000177040000000174006f4d6f7a696c6c612f352e30202857696e646f7773204e542031302e303b2057696e36343b2078363429204170706c655765624b69742f3533372e333620284b48544d4c2c206c696b65204765636b6f29204368726f6d652f3133382e302e302e30205361666172692f3533372e333678787371007e000600000004770400000004737200106a6176612e7574696c2e4c6f63616c657ef811609c30f9ec03000649000868617368636f64654c0007636f756e74727971007e00014c000a657874656e73696f6e7371007e00014c00086c616e677561676571007e00014c000673637269707471007e00014c000776617269616e7471007e00017870ffffffff740002545271007e0005740002747271007e000571007e0005787371007e003fffffffff71007e000571007e000571007e004271007e000571007e0005787371007e003fffffffff740002555371007e0005740002656e71007e000571007e0005787371007e003fffffffff71007e000571007e000571007e004671007e000571007e00057878740008636f6e74696e75657400034745547371007e000c707704000000007870707400062f6572726f7274001b687474703a2f2f6c6f63616c686f73743a383038302f6572726f72740004687474707400096c6f63616c686f73747400062f6572726f72),
('1125be79-e1c9-465b-b791-c0d3821ba470', 'SPRING_SECURITY_SAVED_REQUEST', 0xaced0005737200416f72672e737072696e676672616d65776f726b2e73656375726974792e7765622e7361766564726571756573742e44656661756c74536176656452657175657374000000000000026c02000f49000a736572766572506f72744c000b636f6e74657874506174687400124c6a6176612f6c616e672f537472696e673b4c0007636f6f6b6965737400154c6a6176612f7574696c2f41727261794c6973743b4c00076865616465727374000f4c6a6176612f7574696c2f4d61703b4c00076c6f63616c657371007e00024c001c6d61746368696e6752657175657374506172616d657465724e616d6571007e00014c00066d6574686f6471007e00014c000a706172616d657465727371007e00034c000870617468496e666f71007e00014c000b7175657279537472696e6771007e00014c000a7265717565737455524971007e00014c000a7265717565737455524c71007e00014c0006736368656d6571007e00014c000a7365727665724e616d6571007e00014c000b736572766c65745061746871007e0001787000001f90740000737200136a6176612e7574696c2e41727261794c6973747881d21d99c7619d03000149000473697a6578700000000077040000000078737200116a6176612e7574696c2e547265654d61700cc1f63e2d256ae60300014c000a636f6d70617261746f727400164c6a6176612f7574696c2f436f6d70617261746f723b78707372002a6a6176612e6c616e672e537472696e672443617365496e73656e736974697665436f6d70617261746f7277035c7d5c50e5ce020000787077040000000e7400066163636570747371007e0006000000017704000000017400032a2f2a7874000f6163636570742d656e636f64696e677371007e000600000001770400000001740017677a69702c206465666c6174652c2062722c207a7374647874000f6163636570742d6c616e67756167657371007e00060000000177040000000174002374722d54522c74723b713d302e392c656e2d55533b713d302e382c656e3b713d302e377874000a636f6e6e656374696f6e7371007e00060000000177040000000174000a6b6565702d616c69766578740004686f73747371007e00060000000177040000000174000e6c6f63616c686f73743a38303830787400066f726967696e7371007e000600000001770400000001740015687474703a2f2f6c6f63616c686f73743a3330303078740007726566657265727371007e000600000001770400000001740016687474703a2f2f6c6f63616c686f73743a333030302f787400097365632d63682d75617371007e000600000001770400000001740040224e6f7429413b4272616e64223b763d2238222c20224368726f6d69756d223b763d22313338222c2022476f6f676c65204368726f6d65223b763d2231333822787400107365632d63682d75612d6d6f62696c657371007e0006000000017704000000017400023f30787400127365632d63682d75612d706c6174666f726d7371007e0006000000017704000000017400092257696e646f7773227874000e7365632d66657463682d646573747371007e000600000001770400000001740005656d7074797874000e7365632d66657463682d6d6f64657371007e000600000001770400000001740004636f72737874000e7365632d66657463682d736974657371007e00060000000177040000000174000973616d652d736974657874000a757365722d6167656e747371007e00060000000177040000000174006f4d6f7a696c6c612f352e30202857696e646f7773204e542031302e303b2057696e36343b2078363429204170706c655765624b69742f3533372e333620284b48544d4c2c206c696b65204765636b6f29204368726f6d652f3133382e302e302e30205361666172692f3533372e333678787371007e000600000004770400000004737200106a6176612e7574696c2e4c6f63616c657ef811609c30f9ec03000649000868617368636f64654c0007636f756e74727971007e00014c000a657874656e73696f6e7371007e00014c00086c616e677561676571007e00014c000673637269707471007e00014c000776617269616e7471007e00017870ffffffff740002545271007e0005740002747271007e000571007e0005787371007e0038ffffffff71007e000571007e000571007e003b71007e000571007e0005787371007e0038ffffffff740002555371007e0005740002656e71007e000571007e0005787371007e0038ffffffff71007e000571007e000571007e003f71007e000571007e00057878740008636f6e74696e75657400034745547371007e0008707704000000007870707400062f6572726f7274001b687474703a2f2f6c6f63616c686f73743a383038302f6572726f72740004687474707400096c6f63616c686f73747400062f6572726f72),
('182a9bc3-8593-4f4c-974f-60020ac098ed', 'SPRING_SECURITY_CONTEXT', 0xaced00057372003d6f72672e737072696e676672616d65776f726b2e73656375726974792e636f72652e636f6e746578742e5365637572697479436f6e74657874496d706c000000000000026c0200014c000e61757468656e7469636174696f6e7400324c6f72672f737072696e676672616d65776f726b2f73656375726974792f636f72652f41757468656e7469636174696f6e3b78707372004f6f72672e737072696e676672616d65776f726b2e73656375726974792e61757468656e7469636174696f6e2e557365726e616d6550617373776f726441757468656e7469636174696f6e546f6b656e000000000000026c0200024c000b63726564656e7469616c737400124c6a6176612f6c616e672f4f626a6563743b4c00097072696e636970616c71007e0004787200476f72672e737072696e676672616d65776f726b2e73656375726974792e61757468656e7469636174696f6e2e416273747261637441757468656e7469636174696f6e546f6b656ed3aa287e6e47640e0200035a000d61757468656e746963617465644c000b617574686f7269746965737400164c6a6176612f7574696c2f436f6c6c656374696f6e3b4c000764657461696c7371007e0004787001737200266a6176612e7574696c2e436f6c6c656374696f6e7324556e6d6f6469666961626c654c697374fc0f2531b5ec8e100200014c00046c6973747400104c6a6176612f7574696c2f4c6973743b7872002c6a6176612e7574696c2e436f6c6c656374696f6e7324556e6d6f6469666961626c65436f6c6c656374696f6e19420080cb5ef71e0200014c00016371007e00067870737200136a6176612e7574696c2e41727261794c6973747881d21d99c7619d03000149000473697a657870000000007704000000007871007e000d707073720011636f6f6b69652e6d6f64656c2e55736572d043788502a07b6b0200084900037569644c0009636f6f6b626f6f6b7371007e00094c0005656d61696c7400124c6a6176612f6c616e672f537472696e673b4c000a66697273745f6e616d6571007e000f4c00096c6173745f6e616d6571007e000f4c000870617373776f726471007e000f4c00077265636970657371007e00094c0008757365726e616d6571007e000f78700000000c7372002a6f72672e68696265726e6174652e636f6c6c656374696f6e2e7370692e50657273697374656e74426167963c61233a7241920200024c000362616771007e00094c001270726f7669646564436f6c6c656374696f6e71007e0006787200396f72672e68696265726e6174652e636f6c6c656374696f6e2e7370692e416273747261637450657273697374656e74436f6c6c656374696f6e33a4b04a3cf0460c02000b5a001b616c6c6f774c6f61644f7574736964655472616e73616374696f6e49000a63616368656453697a655a000564697274795a000e656c656d656e7452656d6f7665645a000b696e697469616c697a65645a000d697354656d7053657373696f6e4c00036b657971007e00044c00056f776e657271007e00044c0004726f6c6571007e000f4c001273657373696f6e466163746f72795575696471007e000f4c000e73746f726564536e617073686f747400164c6a6176612f696f2f53657269616c697a61626c653b787000ffffffff00000000737200116a6176612e6c616e672e496e746567657212e2a0a4f781873802000149000576616c7565787200106a6176612e6c616e672e4e756d62657286ac951d0b94e08b02000078700000000c71007e001074001b636f6f6b69652e6d6f64656c2e557365722e636f6f6b626f6f6b73707070707400177a65796e65703165727475726b40676d61696c2e636f6d7400067a65796e65707400067a65796e657074003c2432612431302430444643525675423476543844426f4f576f672e704f55756f6e6c3468677130502e68507571474878676f442f4475472f6a336b437371007e001100ffffffff0000000071007e001771007e0010740019636f6f6b69652e6d6f64656c2e557365722e72656369706573707070707400067a65796e6570),
('182a9bc3-8593-4f4c-974f-60020ac098ed', 'SPRING_SECURITY_SAVED_REQUEST', 0xaced0005737200416f72672e737072696e676672616d65776f726b2e73656375726974792e7765622e7361766564726571756573742e44656661756c74536176656452657175657374000000000000026c02000f49000a736572766572506f72744c000b636f6e74657874506174687400124c6a6176612f6c616e672f537472696e673b4c0007636f6f6b6965737400154c6a6176612f7574696c2f41727261794c6973743b4c00076865616465727374000f4c6a6176612f7574696c2f4d61703b4c00076c6f63616c657371007e00024c001c6d61746368696e6752657175657374506172616d657465724e616d6571007e00014c00066d6574686f6471007e00014c000a706172616d657465727371007e00034c000870617468496e666f71007e00014c000b7175657279537472696e6771007e00014c000a7265717565737455524971007e00014c000a7265717565737455524c71007e00014c0006736368656d6571007e00014c000a7365727665724e616d6571007e00014c000b736572766c65745061746871007e0001787000001f90740000737200136a6176612e7574696c2e41727261794c6973747881d21d99c7619d03000149000473697a6578700000000077040000000078737200116a6176612e7574696c2e547265654d61700cc1f63e2d256ae60300014c000a636f6d70617261746f727400164c6a6176612f7574696c2f436f6d70617261746f723b78707372002a6a6176612e6c616e672e537472696e672443617365496e73656e736974697665436f6d70617261746f7277035c7d5c50e5ce020000787077040000000e7400066163636570747371007e0006000000017704000000017400032a2f2a7874000f6163636570742d656e636f64696e677371007e000600000001770400000001740017677a69702c206465666c6174652c2062722c207a7374647874000f6163636570742d6c616e67756167657371007e00060000000177040000000174002374722d54522c74723b713d302e392c656e2d55533b713d302e382c656e3b713d302e377874000a636f6e6e656374696f6e7371007e00060000000177040000000174000a6b6565702d616c69766578740004686f73747371007e00060000000177040000000174000e6c6f63616c686f73743a38303830787400066f726967696e7371007e000600000001770400000001740015687474703a2f2f6c6f63616c686f73743a3330303078740007726566657265727371007e000600000001770400000001740016687474703a2f2f6c6f63616c686f73743a333030302f787400097365632d63682d75617371007e000600000001770400000001740040224e6f7429413b4272616e64223b763d2238222c20224368726f6d69756d223b763d22313338222c2022476f6f676c65204368726f6d65223b763d2231333822787400107365632d63682d75612d6d6f62696c657371007e0006000000017704000000017400023f30787400127365632d63682d75612d706c6174666f726d7371007e0006000000017704000000017400092257696e646f7773227874000e7365632d66657463682d646573747371007e000600000001770400000001740005656d7074797874000e7365632d66657463682d6d6f64657371007e000600000001770400000001740004636f72737874000e7365632d66657463682d736974657371007e00060000000177040000000174000973616d652d736974657874000a757365722d6167656e747371007e00060000000177040000000174006f4d6f7a696c6c612f352e30202857696e646f7773204e542031302e303b2057696e36343b2078363429204170706c655765624b69742f3533372e333620284b48544d4c2c206c696b65204765636b6f29204368726f6d652f3133382e302e302e30205361666172692f3533372e333678787371007e000600000004770400000004737200106a6176612e7574696c2e4c6f63616c657ef811609c30f9ec03000649000868617368636f64654c0007636f756e74727971007e00014c000a657874656e73696f6e7371007e00014c00086c616e677561676571007e00014c000673637269707471007e00014c000776617269616e7471007e00017870ffffffff740002545271007e0005740002747271007e000571007e0005787371007e0038ffffffff71007e000571007e000571007e003b71007e000571007e0005787371007e0038ffffffff740002555371007e0005740002656e71007e000571007e0005787371007e0038ffffffff71007e000571007e000571007e003f71007e000571007e00057878740008636f6e74696e75657400034745547371007e0008707704000000007870707400062f6572726f7274001b687474703a2f2f6c6f63616c686f73743a383038302f6572726f72740004687474707400096c6f63616c686f73747400062f6572726f72),
('182a9bc3-8593-4f4c-974f-60020ac098ed', 'user', 0xaced000573720012636f6f6b69652e64746f2e5573657244544f3e542207479235980200054900037569644c0005656d61696c7400124c6a6176612f6c616e672f537472696e673b4c000a66697273745f6e616d6571007e00014c00096c6173745f6e616d6571007e00014c0008757365726e616d6571007e000178700000000c7400177a65796e65703165727475726b40676d61696c2e636f6d7400067a65796e65707400067a65796e65707400067a65796e6570),
('301544ac-97c8-402f-a170-9a35c6d0c6d6', 'SPRING_SECURITY_SAVED_REQUEST', 0xaced0005737200416f72672e737072696e676672616d65776f726b2e73656375726974792e7765622e7361766564726571756573742e44656661756c74536176656452657175657374000000000000026c02000f49000a736572766572506f72744c000b636f6e74657874506174687400124c6a6176612f6c616e672f537472696e673b4c0007636f6f6b6965737400154c6a6176612f7574696c2f41727261794c6973743b4c00076865616465727374000f4c6a6176612f7574696c2f4d61703b4c00076c6f63616c657371007e00024c001c6d61746368696e6752657175657374506172616d657465724e616d6571007e00014c00066d6574686f6471007e00014c000a706172616d657465727371007e00034c000870617468496e666f71007e00014c000b7175657279537472696e6771007e00014c000a7265717565737455524971007e00014c000a7265717565737455524c71007e00014c0006736368656d6571007e00014c000a7365727665724e616d6571007e00014c000b736572766c65745061746871007e0001787000001f90740000737200136a6176612e7574696c2e41727261794c6973747881d21d99c7619d03000149000473697a6578700000000077040000000078737200116a6176612e7574696c2e547265654d61700cc1f63e2d256ae60300014c000a636f6d70617261746f727400164c6a6176612f7574696c2f436f6d70617261746f723b78707372002a6a6176612e6c616e672e537472696e672443617365496e73656e736974697665436f6d70617261746f7277035c7d5c50e5ce020000787077040000000e7400066163636570747371007e0006000000017704000000017400032a2f2a7874000f6163636570742d656e636f64696e677371007e000600000001770400000001740017677a69702c206465666c6174652c2062722c207a7374647874000f6163636570742d6c616e67756167657371007e00060000000177040000000174002374722d54522c74723b713d302e392c656e2d55533b713d302e382c656e3b713d302e377874000a636f6e6e656374696f6e7371007e00060000000177040000000174000a6b6565702d616c69766578740004686f73747371007e00060000000177040000000174000e6c6f63616c686f73743a38303830787400066f726967696e7371007e000600000001770400000001740015687474703a2f2f6c6f63616c686f73743a3330303078740007726566657265727371007e000600000001770400000001740016687474703a2f2f6c6f63616c686f73743a333030302f787400097365632d63682d75617371007e000600000001770400000001740040224e6f7429413b4272616e64223b763d2238222c20224368726f6d69756d223b763d22313338222c2022476f6f676c65204368726f6d65223b763d2231333822787400107365632d63682d75612d6d6f62696c657371007e0006000000017704000000017400023f30787400127365632d63682d75612d706c6174666f726d7371007e0006000000017704000000017400092257696e646f7773227874000e7365632d66657463682d646573747371007e000600000001770400000001740005656d7074797874000e7365632d66657463682d6d6f64657371007e000600000001770400000001740004636f72737874000e7365632d66657463682d736974657371007e00060000000177040000000174000973616d652d736974657874000a757365722d6167656e747371007e00060000000177040000000174006f4d6f7a696c6c612f352e30202857696e646f7773204e542031302e303b2057696e36343b2078363429204170706c655765624b69742f3533372e333620284b48544d4c2c206c696b65204765636b6f29204368726f6d652f3133382e302e302e30205361666172692f3533372e333678787371007e000600000004770400000004737200106a6176612e7574696c2e4c6f63616c657ef811609c30f9ec03000649000868617368636f64654c0007636f756e74727971007e00014c000a657874656e73696f6e7371007e00014c00086c616e677561676571007e00014c000673637269707471007e00014c000776617269616e7471007e00017870ffffffff740002545271007e0005740002747271007e000571007e0005787371007e0038ffffffff71007e000571007e000571007e003b71007e000571007e0005787371007e0038ffffffff740002555371007e0005740002656e71007e000571007e0005787371007e0038ffffffff71007e000571007e000571007e003f71007e000571007e00057878740008636f6e74696e75657400034745547371007e0008707704000000007870707400062f6572726f7274001b687474703a2f2f6c6f63616c686f73743a383038302f6572726f72740004687474707400096c6f63616c686f73747400062f6572726f72),
('538ec665-30c1-4428-905f-91964164d8e2', 'SPRING_SECURITY_SAVED_REQUEST', 0xaced0005737200416f72672e737072696e676672616d65776f726b2e73656375726974792e7765622e7361766564726571756573742e44656661756c74536176656452657175657374000000000000026c02000f49000a736572766572506f72744c000b636f6e74657874506174687400124c6a6176612f6c616e672f537472696e673b4c0007636f6f6b6965737400154c6a6176612f7574696c2f41727261794c6973743b4c00076865616465727374000f4c6a6176612f7574696c2f4d61703b4c00076c6f63616c657371007e00024c001c6d61746368696e6752657175657374506172616d657465724e616d6571007e00014c00066d6574686f6471007e00014c000a706172616d657465727371007e00034c000870617468496e666f71007e00014c000b7175657279537472696e6771007e00014c000a7265717565737455524971007e00014c000a7265717565737455524c71007e00014c0006736368656d6571007e00014c000a7365727665724e616d6571007e00014c000b736572766c65745061746871007e0001787000001f90740000737200136a6176612e7574696c2e41727261794c6973747881d21d99c7619d03000149000473697a6578700000000077040000000078737200116a6176612e7574696c2e547265654d61700cc1f63e2d256ae60300014c000a636f6d70617261746f727400164c6a6176612f7574696c2f436f6d70617261746f723b78707372002a6a6176612e6c616e672e537472696e672443617365496e73656e736974697665436f6d70617261746f7277035c7d5c50e5ce020000787077040000000e7400066163636570747371007e0006000000017704000000017400032a2f2a7874000f6163636570742d656e636f64696e677371007e000600000001770400000001740017677a69702c206465666c6174652c2062722c207a7374647874000f6163636570742d6c616e67756167657371007e00060000000177040000000174002374722d54522c74723b713d302e392c656e2d55533b713d302e382c656e3b713d302e377874000a636f6e6e656374696f6e7371007e00060000000177040000000174000a6b6565702d616c69766578740004686f73747371007e00060000000177040000000174000e6c6f63616c686f73743a38303830787400066f726967696e7371007e000600000001770400000001740015687474703a2f2f6c6f63616c686f73743a3330303078740007726566657265727371007e000600000001770400000001740016687474703a2f2f6c6f63616c686f73743a333030302f787400097365632d63682d75617371007e000600000001770400000001740040224e6f7429413b4272616e64223b763d2238222c20224368726f6d69756d223b763d22313338222c2022476f6f676c65204368726f6d65223b763d2231333822787400107365632d63682d75612d6d6f62696c657371007e0006000000017704000000017400023f30787400127365632d63682d75612d706c6174666f726d7371007e0006000000017704000000017400092257696e646f7773227874000e7365632d66657463682d646573747371007e000600000001770400000001740005656d7074797874000e7365632d66657463682d6d6f64657371007e000600000001770400000001740004636f72737874000e7365632d66657463682d736974657371007e00060000000177040000000174000973616d652d736974657874000a757365722d6167656e747371007e00060000000177040000000174006f4d6f7a696c6c612f352e30202857696e646f7773204e542031302e303b2057696e36343b2078363429204170706c655765624b69742f3533372e333620284b48544d4c2c206c696b65204765636b6f29204368726f6d652f3133382e302e302e30205361666172692f3533372e333678787371007e000600000004770400000004737200106a6176612e7574696c2e4c6f63616c657ef811609c30f9ec03000649000868617368636f64654c0007636f756e74727971007e00014c000a657874656e73696f6e7371007e00014c00086c616e677561676571007e00014c000673637269707471007e00014c000776617269616e7471007e00017870ffffffff740002545271007e0005740002747271007e000571007e0005787371007e0038ffffffff71007e000571007e000571007e003b71007e000571007e0005787371007e0038ffffffff740002555371007e0005740002656e71007e000571007e0005787371007e0038ffffffff71007e000571007e000571007e003f71007e000571007e00057878740008636f6e74696e75657400034745547371007e0008707704000000007870707400062f6572726f7274001b687474703a2f2f6c6f63616c686f73743a383038302f6572726f72740004687474707400096c6f63616c686f73747400062f6572726f72),
('599f982e-35a0-431e-bece-7fa6e8c05133', 'SPRING_SECURITY_SAVED_REQUEST', 0xaced0005737200416f72672e737072696e676672616d65776f726b2e73656375726974792e7765622e7361766564726571756573742e44656661756c74536176656452657175657374000000000000026c02000f49000a736572766572506f72744c000b636f6e74657874506174687400124c6a6176612f6c616e672f537472696e673b4c0007636f6f6b6965737400154c6a6176612f7574696c2f41727261794c6973743b4c00076865616465727374000f4c6a6176612f7574696c2f4d61703b4c00076c6f63616c657371007e00024c001c6d61746368696e6752657175657374506172616d657465724e616d6571007e00014c00066d6574686f6471007e00014c000a706172616d657465727371007e00034c000870617468496e666f71007e00014c000b7175657279537472696e6771007e00014c000a7265717565737455524971007e00014c000a7265717565737455524c71007e00014c0006736368656d6571007e00014c000a7365727665724e616d6571007e00014c000b736572766c65745061746871007e0001787000001f90740000737200136a6176612e7574696c2e41727261794c6973747881d21d99c7619d03000149000473697a6578700000000077040000000078737200116a6176612e7574696c2e547265654d61700cc1f63e2d256ae60300014c000a636f6d70617261746f727400164c6a6176612f7574696c2f436f6d70617261746f723b78707372002a6a6176612e6c616e672e537472696e672443617365496e73656e736974697665436f6d70617261746f7277035c7d5c50e5ce020000787077040000000e7400066163636570747371007e0006000000017704000000017400032a2f2a7874000f6163636570742d656e636f64696e677371007e000600000001770400000001740017677a69702c206465666c6174652c2062722c207a7374647874000f6163636570742d6c616e67756167657371007e00060000000177040000000174002374722d54522c74723b713d302e392c656e2d55533b713d302e382c656e3b713d302e377874000a636f6e6e656374696f6e7371007e00060000000177040000000174000a6b6565702d616c69766578740004686f73747371007e00060000000177040000000174000e6c6f63616c686f73743a38303830787400066f726967696e7371007e000600000001770400000001740015687474703a2f2f6c6f63616c686f73743a3330303078740007726566657265727371007e000600000001770400000001740016687474703a2f2f6c6f63616c686f73743a333030302f787400097365632d63682d75617371007e000600000001770400000001740040224e6f7429413b4272616e64223b763d2238222c20224368726f6d69756d223b763d22313338222c2022476f6f676c65204368726f6d65223b763d2231333822787400107365632d63682d75612d6d6f62696c657371007e0006000000017704000000017400023f30787400127365632d63682d75612d706c6174666f726d7371007e0006000000017704000000017400092257696e646f7773227874000e7365632d66657463682d646573747371007e000600000001770400000001740005656d7074797874000e7365632d66657463682d6d6f64657371007e000600000001770400000001740004636f72737874000e7365632d66657463682d736974657371007e00060000000177040000000174000973616d652d736974657874000a757365722d6167656e747371007e00060000000177040000000174006f4d6f7a696c6c612f352e30202857696e646f7773204e542031302e303b2057696e36343b2078363429204170706c655765624b69742f3533372e333620284b48544d4c2c206c696b65204765636b6f29204368726f6d652f3133382e302e302e30205361666172692f3533372e333678787371007e000600000004770400000004737200106a6176612e7574696c2e4c6f63616c657ef811609c30f9ec03000649000868617368636f64654c0007636f756e74727971007e00014c000a657874656e73696f6e7371007e00014c00086c616e677561676571007e00014c000673637269707471007e00014c000776617269616e7471007e00017870ffffffff740002545271007e0005740002747271007e000571007e0005787371007e0038ffffffff71007e000571007e000571007e003b71007e000571007e0005787371007e0038ffffffff740002555371007e0005740002656e71007e000571007e0005787371007e0038ffffffff71007e000571007e000571007e003f71007e000571007e00057878740008636f6e74696e75657400034745547371007e0008707704000000007870707400062f6572726f7274001b687474703a2f2f6c6f63616c686f73743a383038302f6572726f72740004687474707400096c6f63616c686f73747400062f6572726f72),
('715d26d4-01fa-4322-9863-eed8431b47a8', 'SPRING_SECURITY_SAVED_REQUEST', 0xaced0005737200416f72672e737072696e676672616d65776f726b2e73656375726974792e7765622e7361766564726571756573742e44656661756c74536176656452657175657374000000000000026c02000f49000a736572766572506f72744c000b636f6e74657874506174687400124c6a6176612f6c616e672f537472696e673b4c0007636f6f6b6965737400154c6a6176612f7574696c2f41727261794c6973743b4c00076865616465727374000f4c6a6176612f7574696c2f4d61703b4c00076c6f63616c657371007e00024c001c6d61746368696e6752657175657374506172616d657465724e616d6571007e00014c00066d6574686f6471007e00014c000a706172616d657465727371007e00034c000870617468496e666f71007e00014c000b7175657279537472696e6771007e00014c000a7265717565737455524971007e00014c000a7265717565737455524c71007e00014c0006736368656d6571007e00014c000a7365727665724e616d6571007e00014c000b736572766c65745061746871007e0001787000001f90740000737200136a6176612e7574696c2e41727261794c6973747881d21d99c7619d03000149000473697a6578700000000077040000000078737200116a6176612e7574696c2e547265654d61700cc1f63e2d256ae60300014c000a636f6d70617261746f727400164c6a6176612f7574696c2f436f6d70617261746f723b78707372002a6a6176612e6c616e672e537472696e672443617365496e73656e736974697665436f6d70617261746f7277035c7d5c50e5ce020000787077040000000e7400066163636570747371007e0006000000017704000000017400032a2f2a7874000f6163636570742d656e636f64696e677371007e000600000001770400000001740017677a69702c206465666c6174652c2062722c207a7374647874000f6163636570742d6c616e67756167657371007e00060000000177040000000174002374722d54522c74723b713d302e392c656e2d55533b713d302e382c656e3b713d302e377874000a636f6e6e656374696f6e7371007e00060000000177040000000174000a6b6565702d616c69766578740004686f73747371007e00060000000177040000000174000e6c6f63616c686f73743a38303830787400066f726967696e7371007e000600000001770400000001740015687474703a2f2f6c6f63616c686f73743a3330303078740007726566657265727371007e000600000001770400000001740016687474703a2f2f6c6f63616c686f73743a333030302f787400097365632d63682d75617371007e000600000001770400000001740040224e6f7429413b4272616e64223b763d2238222c20224368726f6d69756d223b763d22313338222c2022476f6f676c65204368726f6d65223b763d2231333822787400107365632d63682d75612d6d6f62696c657371007e0006000000017704000000017400023f30787400127365632d63682d75612d706c6174666f726d7371007e0006000000017704000000017400092257696e646f7773227874000e7365632d66657463682d646573747371007e000600000001770400000001740005656d7074797874000e7365632d66657463682d6d6f64657371007e000600000001770400000001740004636f72737874000e7365632d66657463682d736974657371007e00060000000177040000000174000973616d652d736974657874000a757365722d6167656e747371007e00060000000177040000000174006f4d6f7a696c6c612f352e30202857696e646f7773204e542031302e303b2057696e36343b2078363429204170706c655765624b69742f3533372e333620284b48544d4c2c206c696b65204765636b6f29204368726f6d652f3133382e302e302e30205361666172692f3533372e333678787371007e000600000004770400000004737200106a6176612e7574696c2e4c6f63616c657ef811609c30f9ec03000649000868617368636f64654c0007636f756e74727971007e00014c000a657874656e73696f6e7371007e00014c00086c616e677561676571007e00014c000673637269707471007e00014c000776617269616e7471007e00017870ffffffff740002545271007e0005740002747271007e000571007e0005787371007e0038ffffffff71007e000571007e000571007e003b71007e000571007e0005787371007e0038ffffffff740002555371007e0005740002656e71007e000571007e0005787371007e0038ffffffff71007e000571007e000571007e003f71007e000571007e00057878740008636f6e74696e75657400034745547371007e0008707704000000007870707400062f6572726f7274001b687474703a2f2f6c6f63616c686f73743a383038302f6572726f72740004687474707400096c6f63616c686f73747400062f6572726f72),
('7ea17111-0d35-4bde-b506-8e2e5533e46e', 'SPRING_SECURITY_SAVED_REQUEST', 0xaced0005737200416f72672e737072696e676672616d65776f726b2e73656375726974792e7765622e7361766564726571756573742e44656661756c74536176656452657175657374000000000000026c02000f49000a736572766572506f72744c000b636f6e74657874506174687400124c6a6176612f6c616e672f537472696e673b4c0007636f6f6b6965737400154c6a6176612f7574696c2f41727261794c6973743b4c00076865616465727374000f4c6a6176612f7574696c2f4d61703b4c00076c6f63616c657371007e00024c001c6d61746368696e6752657175657374506172616d657465724e616d6571007e00014c00066d6574686f6471007e00014c000a706172616d657465727371007e00034c000870617468496e666f71007e00014c000b7175657279537472696e6771007e00014c000a7265717565737455524971007e00014c000a7265717565737455524c71007e00014c0006736368656d6571007e00014c000a7365727665724e616d6571007e00014c000b736572766c65745061746871007e0001787000001f90740000737200136a6176612e7574696c2e41727261794c6973747881d21d99c7619d03000149000473697a6578700000000077040000000078737200116a6176612e7574696c2e547265654d61700cc1f63e2d256ae60300014c000a636f6d70617261746f727400164c6a6176612f7574696c2f436f6d70617261746f723b78707372002a6a6176612e6c616e672e537472696e672443617365496e73656e736974697665436f6d70617261746f7277035c7d5c50e5ce020000787077040000000e7400066163636570747371007e0006000000017704000000017400032a2f2a7874000f6163636570742d656e636f64696e677371007e000600000001770400000001740017677a69702c206465666c6174652c2062722c207a7374647874000f6163636570742d6c616e67756167657371007e00060000000177040000000174002374722d54522c74723b713d302e392c656e2d55533b713d302e382c656e3b713d302e377874000a636f6e6e656374696f6e7371007e00060000000177040000000174000a6b6565702d616c69766578740004686f73747371007e00060000000177040000000174000e6c6f63616c686f73743a38303830787400066f726967696e7371007e000600000001770400000001740015687474703a2f2f6c6f63616c686f73743a3330303078740007726566657265727371007e000600000001770400000001740016687474703a2f2f6c6f63616c686f73743a333030302f787400097365632d63682d75617371007e000600000001770400000001740040224e6f7429413b4272616e64223b763d2238222c20224368726f6d69756d223b763d22313338222c2022476f6f676c65204368726f6d65223b763d2231333822787400107365632d63682d75612d6d6f62696c657371007e0006000000017704000000017400023f30787400127365632d63682d75612d706c6174666f726d7371007e0006000000017704000000017400092257696e646f7773227874000e7365632d66657463682d646573747371007e000600000001770400000001740005656d7074797874000e7365632d66657463682d6d6f64657371007e000600000001770400000001740004636f72737874000e7365632d66657463682d736974657371007e00060000000177040000000174000973616d652d736974657874000a757365722d6167656e747371007e00060000000177040000000174006f4d6f7a696c6c612f352e30202857696e646f7773204e542031302e303b2057696e36343b2078363429204170706c655765624b69742f3533372e333620284b48544d4c2c206c696b65204765636b6f29204368726f6d652f3133382e302e302e30205361666172692f3533372e333678787371007e000600000004770400000004737200106a6176612e7574696c2e4c6f63616c657ef811609c30f9ec03000649000868617368636f64654c0007636f756e74727971007e00014c000a657874656e73696f6e7371007e00014c00086c616e677561676571007e00014c000673637269707471007e00014c000776617269616e7471007e00017870ffffffff740002545271007e0005740002747271007e000571007e0005787371007e0038ffffffff71007e000571007e000571007e003b71007e000571007e0005787371007e0038ffffffff740002555371007e0005740002656e71007e000571007e0005787371007e0038ffffffff71007e000571007e000571007e003f71007e000571007e00057878740008636f6e74696e75657400034745547371007e0008707704000000007870707400062f6572726f7274001b687474703a2f2f6c6f63616c686f73743a383038302f6572726f72740004687474707400096c6f63616c686f73747400062f6572726f72),
('a496a529-d087-4a9b-984d-ebd413e602b3', 'SPRING_SECURITY_SAVED_REQUEST', 0xaced0005737200416f72672e737072696e676672616d65776f726b2e73656375726974792e7765622e7361766564726571756573742e44656661756c74536176656452657175657374000000000000026c02000f49000a736572766572506f72744c000b636f6e74657874506174687400124c6a6176612f6c616e672f537472696e673b4c0007636f6f6b6965737400154c6a6176612f7574696c2f41727261794c6973743b4c00076865616465727374000f4c6a6176612f7574696c2f4d61703b4c00076c6f63616c657371007e00024c001c6d61746368696e6752657175657374506172616d657465724e616d6571007e00014c00066d6574686f6471007e00014c000a706172616d657465727371007e00034c000870617468496e666f71007e00014c000b7175657279537472696e6771007e00014c000a7265717565737455524971007e00014c000a7265717565737455524c71007e00014c0006736368656d6571007e00014c000a7365727665724e616d6571007e00014c000b736572766c65745061746871007e0001787000001f90740000737200136a6176612e7574696c2e41727261794c6973747881d21d99c7619d03000149000473697a6578700000000077040000000078737200116a6176612e7574696c2e547265654d61700cc1f63e2d256ae60300014c000a636f6d70617261746f727400164c6a6176612f7574696c2f436f6d70617261746f723b78707372002a6a6176612e6c616e672e537472696e672443617365496e73656e736974697665436f6d70617261746f7277035c7d5c50e5ce020000787077040000000e7400066163636570747371007e0006000000017704000000017400032a2f2a7874000f6163636570742d656e636f64696e677371007e000600000001770400000001740017677a69702c206465666c6174652c2062722c207a7374647874000f6163636570742d6c616e67756167657371007e00060000000177040000000174002374722d54522c74723b713d302e392c656e2d55533b713d302e382c656e3b713d302e377874000a636f6e6e656374696f6e7371007e00060000000177040000000174000a6b6565702d616c69766578740004686f73747371007e00060000000177040000000174000e6c6f63616c686f73743a38303830787400066f726967696e7371007e000600000001770400000001740015687474703a2f2f6c6f63616c686f73743a3330303078740007726566657265727371007e000600000001770400000001740016687474703a2f2f6c6f63616c686f73743a333030302f787400097365632d63682d75617371007e000600000001770400000001740040224e6f7429413b4272616e64223b763d2238222c20224368726f6d69756d223b763d22313338222c2022476f6f676c65204368726f6d65223b763d2231333822787400107365632d63682d75612d6d6f62696c657371007e0006000000017704000000017400023f30787400127365632d63682d75612d706c6174666f726d7371007e0006000000017704000000017400092257696e646f7773227874000e7365632d66657463682d646573747371007e000600000001770400000001740005656d7074797874000e7365632d66657463682d6d6f64657371007e000600000001770400000001740004636f72737874000e7365632d66657463682d736974657371007e00060000000177040000000174000973616d652d736974657874000a757365722d6167656e747371007e00060000000177040000000174006f4d6f7a696c6c612f352e30202857696e646f7773204e542031302e303b2057696e36343b2078363429204170706c655765624b69742f3533372e333620284b48544d4c2c206c696b65204765636b6f29204368726f6d652f3133382e302e302e30205361666172692f3533372e333678787371007e000600000004770400000004737200106a6176612e7574696c2e4c6f63616c657ef811609c30f9ec03000649000868617368636f64654c0007636f756e74727971007e00014c000a657874656e73696f6e7371007e00014c00086c616e677561676571007e00014c000673637269707471007e00014c000776617269616e7471007e00017870ffffffff740002545271007e0005740002747271007e000571007e0005787371007e0038ffffffff71007e000571007e000571007e003b71007e000571007e0005787371007e0038ffffffff740002555371007e0005740002656e71007e000571007e0005787371007e0038ffffffff71007e000571007e000571007e003f71007e000571007e00057878740008636f6e74696e75657400034745547371007e0008707704000000007870707400062f6572726f7274001b687474703a2f2f6c6f63616c686f73743a383038302f6572726f72740004687474707400096c6f63616c686f73747400062f6572726f72),
('cb3b4e75-9231-428f-9875-6eedf10645d3', 'SPRING_SECURITY_SAVED_REQUEST', 0xaced0005737200416f72672e737072696e676672616d65776f726b2e73656375726974792e7765622e7361766564726571756573742e44656661756c74536176656452657175657374000000000000026c02000f49000a736572766572506f72744c000b636f6e74657874506174687400124c6a6176612f6c616e672f537472696e673b4c0007636f6f6b6965737400154c6a6176612f7574696c2f41727261794c6973743b4c00076865616465727374000f4c6a6176612f7574696c2f4d61703b4c00076c6f63616c657371007e00024c001c6d61746368696e6752657175657374506172616d657465724e616d6571007e00014c00066d6574686f6471007e00014c000a706172616d657465727371007e00034c000870617468496e666f71007e00014c000b7175657279537472696e6771007e00014c000a7265717565737455524971007e00014c000a7265717565737455524c71007e00014c0006736368656d6571007e00014c000a7365727665724e616d6571007e00014c000b736572766c65745061746871007e0001787000001f90740000737200136a6176612e7574696c2e41727261794c6973747881d21d99c7619d03000149000473697a6578700000000077040000000078737200116a6176612e7574696c2e547265654d61700cc1f63e2d256ae60300014c000a636f6d70617261746f727400164c6a6176612f7574696c2f436f6d70617261746f723b78707372002a6a6176612e6c616e672e537472696e672443617365496e73656e736974697665436f6d70617261746f7277035c7d5c50e5ce020000787077040000000e7400066163636570747371007e0006000000017704000000017400032a2f2a7874000f6163636570742d656e636f64696e677371007e000600000001770400000001740017677a69702c206465666c6174652c2062722c207a7374647874000f6163636570742d6c616e67756167657371007e00060000000177040000000174002374722d54522c74723b713d302e392c656e2d55533b713d302e382c656e3b713d302e377874000a636f6e6e656374696f6e7371007e00060000000177040000000174000a6b6565702d616c69766578740004686f73747371007e00060000000177040000000174000e6c6f63616c686f73743a38303830787400066f726967696e7371007e000600000001770400000001740015687474703a2f2f6c6f63616c686f73743a3330303078740007726566657265727371007e000600000001770400000001740016687474703a2f2f6c6f63616c686f73743a333030302f787400097365632d63682d75617371007e000600000001770400000001740040224e6f7429413b4272616e64223b763d2238222c20224368726f6d69756d223b763d22313338222c2022476f6f676c65204368726f6d65223b763d2231333822787400107365632d63682d75612d6d6f62696c657371007e0006000000017704000000017400023f30787400127365632d63682d75612d706c6174666f726d7371007e0006000000017704000000017400092257696e646f7773227874000e7365632d66657463682d646573747371007e000600000001770400000001740005656d7074797874000e7365632d66657463682d6d6f64657371007e000600000001770400000001740004636f72737874000e7365632d66657463682d736974657371007e00060000000177040000000174000973616d652d736974657874000a757365722d6167656e747371007e00060000000177040000000174006f4d6f7a696c6c612f352e30202857696e646f7773204e542031302e303b2057696e36343b2078363429204170706c655765624b69742f3533372e333620284b48544d4c2c206c696b65204765636b6f29204368726f6d652f3133382e302e302e30205361666172692f3533372e333678787371007e000600000004770400000004737200106a6176612e7574696c2e4c6f63616c657ef811609c30f9ec03000649000868617368636f64654c0007636f756e74727971007e00014c000a657874656e73696f6e7371007e00014c00086c616e677561676571007e00014c000673637269707471007e00014c000776617269616e7471007e00017870ffffffff740002545271007e0005740002747271007e000571007e0005787371007e0038ffffffff71007e000571007e000571007e003b71007e000571007e0005787371007e0038ffffffff740002555371007e0005740002656e71007e000571007e0005787371007e0038ffffffff71007e000571007e000571007e003f71007e000571007e00057878740008636f6e74696e75657400034745547371007e0008707704000000007870707400062f6572726f7274001b687474703a2f2f6c6f63616c686f73743a383038302f6572726f72740004687474707400096c6f63616c686f73747400062f6572726f72);
INSERT INTO `spring_session_attributes` (`SESSION_PRIMARY_ID`, `ATTRIBUTE_NAME`, `ATTRIBUTE_BYTES`) VALUES
('d236291f-4d98-4bf6-a660-9fc9ed7df712', 'SPRING_SECURITY_SAVED_REQUEST', 0xaced0005737200416f72672e737072696e676672616d65776f726b2e73656375726974792e7765622e7361766564726571756573742e44656661756c74536176656452657175657374000000000000026c02000f49000a736572766572506f72744c000b636f6e74657874506174687400124c6a6176612f6c616e672f537472696e673b4c0007636f6f6b6965737400154c6a6176612f7574696c2f41727261794c6973743b4c00076865616465727374000f4c6a6176612f7574696c2f4d61703b4c00076c6f63616c657371007e00024c001c6d61746368696e6752657175657374506172616d657465724e616d6571007e00014c00066d6574686f6471007e00014c000a706172616d657465727371007e00034c000870617468496e666f71007e00014c000b7175657279537472696e6771007e00014c000a7265717565737455524971007e00014c000a7265717565737455524c71007e00014c0006736368656d6571007e00014c000a7365727665724e616d6571007e00014c000b736572766c65745061746871007e0001787000001f90740000737200136a6176612e7574696c2e41727261794c6973747881d21d99c7619d03000149000473697a6578700000000077040000000078737200116a6176612e7574696c2e547265654d61700cc1f63e2d256ae60300014c000a636f6d70617261746f727400164c6a6176612f7574696c2f436f6d70617261746f723b78707372002a6a6176612e6c616e672e537472696e672443617365496e73656e736974697665436f6d70617261746f7277035c7d5c50e5ce020000787077040000000e7400066163636570747371007e0006000000017704000000017400032a2f2a7874000f6163636570742d656e636f64696e677371007e000600000001770400000001740017677a69702c206465666c6174652c2062722c207a7374647874000f6163636570742d6c616e67756167657371007e00060000000177040000000174002374722d54522c74723b713d302e392c656e2d55533b713d302e382c656e3b713d302e377874000a636f6e6e656374696f6e7371007e00060000000177040000000174000a6b6565702d616c69766578740004686f73747371007e00060000000177040000000174000e6c6f63616c686f73743a38303830787400066f726967696e7371007e000600000001770400000001740015687474703a2f2f6c6f63616c686f73743a3330303078740007726566657265727371007e000600000001770400000001740016687474703a2f2f6c6f63616c686f73743a333030302f787400097365632d63682d75617371007e000600000001770400000001740040224e6f7429413b4272616e64223b763d2238222c20224368726f6d69756d223b763d22313338222c2022476f6f676c65204368726f6d65223b763d2231333822787400107365632d63682d75612d6d6f62696c657371007e0006000000017704000000017400023f30787400127365632d63682d75612d706c6174666f726d7371007e0006000000017704000000017400092257696e646f7773227874000e7365632d66657463682d646573747371007e000600000001770400000001740005656d7074797874000e7365632d66657463682d6d6f64657371007e000600000001770400000001740004636f72737874000e7365632d66657463682d736974657371007e00060000000177040000000174000973616d652d736974657874000a757365722d6167656e747371007e00060000000177040000000174006f4d6f7a696c6c612f352e30202857696e646f7773204e542031302e303b2057696e36343b2078363429204170706c655765624b69742f3533372e333620284b48544d4c2c206c696b65204765636b6f29204368726f6d652f3133382e302e302e30205361666172692f3533372e333678787371007e000600000004770400000004737200106a6176612e7574696c2e4c6f63616c657ef811609c30f9ec03000649000868617368636f64654c0007636f756e74727971007e00014c000a657874656e73696f6e7371007e00014c00086c616e677561676571007e00014c000673637269707471007e00014c000776617269616e7471007e00017870ffffffff740002545271007e0005740002747271007e000571007e0005787371007e0038ffffffff71007e000571007e000571007e003b71007e000571007e0005787371007e0038ffffffff740002555371007e0005740002656e71007e000571007e0005787371007e0038ffffffff71007e000571007e000571007e003f71007e000571007e00057878740008636f6e74696e75657400034745547371007e0008707704000000007870707400062f6572726f7274001b687474703a2f2f6c6f63616c686f73743a383038302f6572726f72740004687474707400096c6f63616c686f73747400062f6572726f72),
('d3b16c62-77f9-4331-8d6b-c5e517f5a646', 'SPRING_SECURITY_SAVED_REQUEST', 0xaced0005737200416f72672e737072696e676672616d65776f726b2e73656375726974792e7765622e7361766564726571756573742e44656661756c74536176656452657175657374000000000000026c02000f49000a736572766572506f72744c000b636f6e74657874506174687400124c6a6176612f6c616e672f537472696e673b4c0007636f6f6b6965737400154c6a6176612f7574696c2f41727261794c6973743b4c00076865616465727374000f4c6a6176612f7574696c2f4d61703b4c00076c6f63616c657371007e00024c001c6d61746368696e6752657175657374506172616d657465724e616d6571007e00014c00066d6574686f6471007e00014c000a706172616d657465727371007e00034c000870617468496e666f71007e00014c000b7175657279537472696e6771007e00014c000a7265717565737455524971007e00014c000a7265717565737455524c71007e00014c0006736368656d6571007e00014c000a7365727665724e616d6571007e00014c000b736572766c65745061746871007e0001787000001f90740000737200136a6176612e7574696c2e41727261794c6973747881d21d99c7619d03000149000473697a6578700000000077040000000078737200116a6176612e7574696c2e547265654d61700cc1f63e2d256ae60300014c000a636f6d70617261746f727400164c6a6176612f7574696c2f436f6d70617261746f723b78707372002a6a6176612e6c616e672e537472696e672443617365496e73656e736974697665436f6d70617261746f7277035c7d5c50e5ce020000787077040000000e7400066163636570747371007e0006000000017704000000017400032a2f2a7874000f6163636570742d656e636f64696e677371007e000600000001770400000001740017677a69702c206465666c6174652c2062722c207a7374647874000f6163636570742d6c616e67756167657371007e00060000000177040000000174002374722d54522c74723b713d302e392c656e2d55533b713d302e382c656e3b713d302e377874000a636f6e6e656374696f6e7371007e00060000000177040000000174000a6b6565702d616c69766578740004686f73747371007e00060000000177040000000174000e6c6f63616c686f73743a38303830787400066f726967696e7371007e000600000001770400000001740015687474703a2f2f6c6f63616c686f73743a3330303078740007726566657265727371007e000600000001770400000001740016687474703a2f2f6c6f63616c686f73743a333030302f787400097365632d63682d75617371007e000600000001770400000001740040224e6f7429413b4272616e64223b763d2238222c20224368726f6d69756d223b763d22313338222c2022476f6f676c65204368726f6d65223b763d2231333822787400107365632d63682d75612d6d6f62696c657371007e0006000000017704000000017400023f30787400127365632d63682d75612d706c6174666f726d7371007e0006000000017704000000017400092257696e646f7773227874000e7365632d66657463682d646573747371007e000600000001770400000001740005656d7074797874000e7365632d66657463682d6d6f64657371007e000600000001770400000001740004636f72737874000e7365632d66657463682d736974657371007e00060000000177040000000174000973616d652d736974657874000a757365722d6167656e747371007e00060000000177040000000174006f4d6f7a696c6c612f352e30202857696e646f7773204e542031302e303b2057696e36343b2078363429204170706c655765624b69742f3533372e333620284b48544d4c2c206c696b65204765636b6f29204368726f6d652f3133382e302e302e30205361666172692f3533372e333678787371007e000600000004770400000004737200106a6176612e7574696c2e4c6f63616c657ef811609c30f9ec03000649000868617368636f64654c0007636f756e74727971007e00014c000a657874656e73696f6e7371007e00014c00086c616e677561676571007e00014c000673637269707471007e00014c000776617269616e7471007e00017870ffffffff740002545271007e0005740002747271007e000571007e0005787371007e0038ffffffff71007e000571007e000571007e003b71007e000571007e0005787371007e0038ffffffff740002555371007e0005740002656e71007e000571007e0005787371007e0038ffffffff71007e000571007e000571007e003f71007e000571007e00057878740008636f6e74696e75657400034745547371007e0008707704000000007870707400062f6572726f7274001b687474703a2f2f6c6f63616c686f73743a383038302f6572726f72740004687474707400096c6f63616c686f73747400062f6572726f72),
('da5c125e-709e-4316-8fb4-5cccc2a61cf4', 'SPRING_SECURITY_SAVED_REQUEST', 0xaced0005737200416f72672e737072696e676672616d65776f726b2e73656375726974792e7765622e7361766564726571756573742e44656661756c74536176656452657175657374000000000000026c02000f49000a736572766572506f72744c000b636f6e74657874506174687400124c6a6176612f6c616e672f537472696e673b4c0007636f6f6b6965737400154c6a6176612f7574696c2f41727261794c6973743b4c00076865616465727374000f4c6a6176612f7574696c2f4d61703b4c00076c6f63616c657371007e00024c001c6d61746368696e6752657175657374506172616d657465724e616d6571007e00014c00066d6574686f6471007e00014c000a706172616d657465727371007e00034c000870617468496e666f71007e00014c000b7175657279537472696e6771007e00014c000a7265717565737455524971007e00014c000a7265717565737455524c71007e00014c0006736368656d6571007e00014c000a7365727665724e616d6571007e00014c000b736572766c65745061746871007e0001787000001f90740000737200136a6176612e7574696c2e41727261794c6973747881d21d99c7619d03000149000473697a6578700000000077040000000078737200116a6176612e7574696c2e547265654d61700cc1f63e2d256ae60300014c000a636f6d70617261746f727400164c6a6176612f7574696c2f436f6d70617261746f723b78707372002a6a6176612e6c616e672e537472696e672443617365496e73656e736974697665436f6d70617261746f7277035c7d5c50e5ce020000787077040000000e7400066163636570747371007e0006000000017704000000017400032a2f2a7874000f6163636570742d656e636f64696e677371007e000600000001770400000001740017677a69702c206465666c6174652c2062722c207a7374647874000f6163636570742d6c616e67756167657371007e00060000000177040000000174002374722d54522c74723b713d302e392c656e2d55533b713d302e382c656e3b713d302e377874000a636f6e6e656374696f6e7371007e00060000000177040000000174000a6b6565702d616c69766578740004686f73747371007e00060000000177040000000174000e6c6f63616c686f73743a38303830787400066f726967696e7371007e000600000001770400000001740015687474703a2f2f6c6f63616c686f73743a3330303078740007726566657265727371007e000600000001770400000001740016687474703a2f2f6c6f63616c686f73743a333030302f787400097365632d63682d75617371007e000600000001770400000001740040224e6f7429413b4272616e64223b763d2238222c20224368726f6d69756d223b763d22313338222c2022476f6f676c65204368726f6d65223b763d2231333822787400107365632d63682d75612d6d6f62696c657371007e0006000000017704000000017400023f30787400127365632d63682d75612d706c6174666f726d7371007e0006000000017704000000017400092257696e646f7773227874000e7365632d66657463682d646573747371007e000600000001770400000001740005656d7074797874000e7365632d66657463682d6d6f64657371007e000600000001770400000001740004636f72737874000e7365632d66657463682d736974657371007e00060000000177040000000174000973616d652d736974657874000a757365722d6167656e747371007e00060000000177040000000174006f4d6f7a696c6c612f352e30202857696e646f7773204e542031302e303b2057696e36343b2078363429204170706c655765624b69742f3533372e333620284b48544d4c2c206c696b65204765636b6f29204368726f6d652f3133382e302e302e30205361666172692f3533372e333678787371007e000600000004770400000004737200106a6176612e7574696c2e4c6f63616c657ef811609c30f9ec03000649000868617368636f64654c0007636f756e74727971007e00014c000a657874656e73696f6e7371007e00014c00086c616e677561676571007e00014c000673637269707471007e00014c000776617269616e7471007e00017870ffffffff740002545271007e0005740002747271007e000571007e0005787371007e0038ffffffff71007e000571007e000571007e003b71007e000571007e0005787371007e0038ffffffff740002555371007e0005740002656e71007e000571007e0005787371007e0038ffffffff71007e000571007e000571007e003f71007e000571007e00057878740008636f6e74696e75657400034745547371007e0008707704000000007870707400062f6572726f7274001b687474703a2f2f6c6f63616c686f73743a383038302f6572726f72740004687474707400096c6f63616c686f73747400062f6572726f72),
('fed8d19f-0830-4305-b95a-f06560a0ab78', 'SPRING_SECURITY_SAVED_REQUEST', 0xaced0005737200416f72672e737072696e676672616d65776f726b2e73656375726974792e7765622e7361766564726571756573742e44656661756c74536176656452657175657374000000000000026c02000f49000a736572766572506f72744c000b636f6e74657874506174687400124c6a6176612f6c616e672f537472696e673b4c0007636f6f6b6965737400154c6a6176612f7574696c2f41727261794c6973743b4c00076865616465727374000f4c6a6176612f7574696c2f4d61703b4c00076c6f63616c657371007e00024c001c6d61746368696e6752657175657374506172616d657465724e616d6571007e00014c00066d6574686f6471007e00014c000a706172616d657465727371007e00034c000870617468496e666f71007e00014c000b7175657279537472696e6771007e00014c000a7265717565737455524971007e00014c000a7265717565737455524c71007e00014c0006736368656d6571007e00014c000a7365727665724e616d6571007e00014c000b736572766c65745061746871007e0001787000001f90740000737200136a6176612e7574696c2e41727261794c6973747881d21d99c7619d03000149000473697a6578700000000077040000000078737200116a6176612e7574696c2e547265654d61700cc1f63e2d256ae60300014c000a636f6d70617261746f727400164c6a6176612f7574696c2f436f6d70617261746f723b78707372002a6a6176612e6c616e672e537472696e672443617365496e73656e736974697665436f6d70617261746f7277035c7d5c50e5ce020000787077040000000e7400066163636570747371007e0006000000017704000000017400032a2f2a7874000f6163636570742d656e636f64696e677371007e000600000001770400000001740017677a69702c206465666c6174652c2062722c207a7374647874000f6163636570742d6c616e67756167657371007e00060000000177040000000174002374722d54522c74723b713d302e392c656e2d55533b713d302e382c656e3b713d302e377874000a636f6e6e656374696f6e7371007e00060000000177040000000174000a6b6565702d616c69766578740004686f73747371007e00060000000177040000000174000e6c6f63616c686f73743a38303830787400066f726967696e7371007e000600000001770400000001740015687474703a2f2f6c6f63616c686f73743a3330303078740007726566657265727371007e000600000001770400000001740016687474703a2f2f6c6f63616c686f73743a333030302f787400097365632d63682d75617371007e000600000001770400000001740040224e6f7429413b4272616e64223b763d2238222c20224368726f6d69756d223b763d22313338222c2022476f6f676c65204368726f6d65223b763d2231333822787400107365632d63682d75612d6d6f62696c657371007e0006000000017704000000017400023f30787400127365632d63682d75612d706c6174666f726d7371007e0006000000017704000000017400092257696e646f7773227874000e7365632d66657463682d646573747371007e000600000001770400000001740005656d7074797874000e7365632d66657463682d6d6f64657371007e000600000001770400000001740004636f72737874000e7365632d66657463682d736974657371007e00060000000177040000000174000973616d652d736974657874000a757365722d6167656e747371007e00060000000177040000000174006f4d6f7a696c6c612f352e30202857696e646f7773204e542031302e303b2057696e36343b2078363429204170706c655765624b69742f3533372e333620284b48544d4c2c206c696b65204765636b6f29204368726f6d652f3133382e302e302e30205361666172692f3533372e333678787371007e000600000004770400000004737200106a6176612e7574696c2e4c6f63616c657ef811609c30f9ec03000649000868617368636f64654c0007636f756e74727971007e00014c000a657874656e73696f6e7371007e00014c00086c616e677561676571007e00014c000673637269707471007e00014c000776617269616e7471007e00017870ffffffff740002545271007e0005740002747271007e000571007e0005787371007e0038ffffffff71007e000571007e000571007e003b71007e000571007e0005787371007e0038ffffffff740002555371007e0005740002656e71007e000571007e0005787371007e0038ffffffff71007e000571007e000571007e003f71007e000571007e00057878740008636f6e74696e75657400034745547371007e0008707704000000007870707400062f6572726f7274001b687474703a2f2f6c6f63616c686f73743a383038302f6572726f72740004687474707400096c6f63616c686f73747400062f6572726f72);

-- --------------------------------------------------------

--
-- Tablo için tablo yapısı `user`
--

DROP TABLE IF EXISTS `user`;
CREATE TABLE IF NOT EXISTS `user` (
  `uid` int NOT NULL AUTO_INCREMENT,
  `password` varchar(256) NOT NULL,
  `username` varchar(255) CHARACTER SET utf8mb4 COLLATE utf8mb4_0900_ai_ci NOT NULL,
  `first_name` varchar(64) CHARACTER SET utf8mb4 COLLATE utf8mb4_0900_ai_ci NOT NULL,
  `last_name` varchar(64) CHARACTER SET utf8mb4 COLLATE utf8mb4_0900_ai_ci NOT NULL,
  `email` varchar(255) CHARACTER SET utf8mb4 COLLATE utf8mb4_0900_ai_ci NOT NULL,
  PRIMARY KEY (`uid`)
) ENGINE=InnoDB AUTO_INCREMENT=15 DEFAULT CHARSET=utf8mb4 COLLATE=utf8mb4_0900_ai_ci;

--
-- Tablo döküm verisi `user`
--

INSERT INTO `user` (`uid`, `password`, `username`, `first_name`, `last_name`, `email`) VALUES
(12, '$2a$10$0DFCRVuB4vT8DBoOWog.pOUuonl4hgq0P.hPuqGHxgoD/DuG/j3kC', 'zeynep', 'zeynep', 'zeynep', 'zeynep1erturk@gmail.com'),
(14, '$2a$10$NpCjVtivHUxHb58aiaRrpO4ReVY0Gf/QJP95u.3k0bkujPFFQXPF2', 'zeynep2', 'Zeynep', 'Ertürk', 'zeynep.erturk@ug.bilkent.edu.tr');

--
-- Dökümü yapılmış tablolar için kısıtlamalar
--

--
-- Tablo kısıtlamaları `cookbook`
--
ALTER TABLE `cookbook`
  ADD CONSTRAINT `fk_cookbook` FOREIGN KEY (`uid`) REFERENCES `user` (`uid`) ON DELETE CASCADE ON UPDATE CASCADE;

--
-- Tablo kısıtlamaları `cookbook_recipe`
--
ALTER TABLE `cookbook_recipe`
  ADD CONSTRAINT `fk_cr_cid` FOREIGN KEY (`cid`) REFERENCES `cookbook` (`cid`),
  ADD CONSTRAINT `fk_cr_rid` FOREIGN KEY (`rid`) REFERENCES `recipe` (`rid`);

--
-- Tablo kısıtlamaları `ingredient`
--
ALTER TABLE `ingredient`
  ADD CONSTRAINT `fk_ingredient_rid` FOREIGN KEY (`rid`) REFERENCES `recipe` (`rid`) ON DELETE CASCADE ON UPDATE CASCADE;

--
-- Tablo kısıtlamaları `instruction`
--
ALTER TABLE `instruction`
  ADD CONSTRAINT `fk_instruction_rid` FOREIGN KEY (`rid`) REFERENCES `recipe` (`rid`) ON DELETE CASCADE ON UPDATE CASCADE;

--
-- Tablo kısıtlamaları `recipe`
--
ALTER TABLE `recipe`
  ADD CONSTRAINT `fk_recipe_cid` FOREIGN KEY (`cid`) REFERENCES `category` (`cid`) ON UPDATE CASCADE,
  ADD CONSTRAINT `fk_recipe_uid` FOREIGN KEY (`uid`) REFERENCES `user` (`uid`) ON DELETE CASCADE ON UPDATE CASCADE;

--
-- Tablo kısıtlamaları `spring_session_attributes`
--
ALTER TABLE `spring_session_attributes`
  ADD CONSTRAINT `SPRING_SESSION_ATTRIBUTES_FK` FOREIGN KEY (`SESSION_PRIMARY_ID`) REFERENCES `spring_session` (`PRIMARY_ID`) ON DELETE CASCADE;
COMMIT;

/*!40101 SET CHARACTER_SET_CLIENT=@OLD_CHARACTER_SET_CLIENT */;
/*!40101 SET CHARACTER_SET_RESULTS=@OLD_CHARACTER_SET_RESULTS */;
/*!40101 SET COLLATION_CONNECTION=@OLD_COLLATION_CONNECTION */;
